{
  "5891274005": {
    "commands": [
      1766351118.4739473,
      1766351128.1522608,
      1766351136.9943402,
      1766351139.8547587,
      1766351171.8364348
    ],
    "violations": 0
  },
  "8550248580": {
    "commands": [
      1764516092.4485834
    ],
    "violations": 0
  }
}