{
  "8550248580": {
    "minute": [
      1766487244.1540773
    ],
    "hour": [
      1766487244.1540773
    ],
    "day": [
      1766478564.44576,
      1766478646.8279865,
      1766478864.4080975,
      1766479233.6029294,
      1766479554.790802,
      1766480902.750211,
      1766482878.4348881,
      1766487244.1540773
    ]
  }
}