{
  "8550248580": {
    "minute": [
      1765216014.1563668
    ],
    "hour": [
      1765215745.6426446,
      1765215835.296919,
      1765216014.1563668
    ],
    "day": [
      1765215745.6426446,
      1765215835.296919,
      1765216014.1563668
    ]
  }
}